firstName,lastName,email,birthday,phone,company,personalNumber
Emery,Goff,volutpat.Nulla@ettristique.org,1994-10-23,(038905) 439257,Vivamus Euismod Foundation,16661223-0604
Zachary,Morgan,vel@condimentum.ca,2004-06-16,(0086) 01245134,Feugiat Lorem Ipsum Foundation,16111229-0539
Emery,English,velit@inconsequatenim.net,1960-02-11,(0072) 85069043,Donec Corporation,16960316-9021
Brynne,Chavez,vel.arcu.eu@vel.co.uk,2008-09-20,(02450) 0396533,Varius Orci In Ltd,16020114-8616
September,Gillespie,tellus.lorem.eu@Praesentinterdum.co.uk,1990-01-27,(004) 02261606,Vitae Company,16561128-9918
Jaden,Gilliam,mi.pede@nectempusscelerisque.ca,1990-07-20,(031065) 694979,Integer Vitae Nibh Ltd,16620229-0190
Donna,Love,semper.auctor@estcongue.org,1982-09-11,(0251) 79371807,Ridiculus Ltd,16810926-9137
Warren,Valentine,nibh@inaliquetlobortis.org,1983-04-15,(034394) 968367,Est Tempor PC,16880518-6320
Sara,Morton,Cum@placerat.org,1992-09-24,(0350) 99496613,Justo LLC,16230812-1363
Heather,Dickson,risus.Nunc@Aeneanmassa.ca,1977-06-04,(052) 90590859,Nullam Nisl Maecenas Corporation,16661201-3653
Vladimir,Bauer,vel@placerat.net,1961-03-09,(05829) 7193800,Facilisi Industries,16630814-6320
Hector,Small,dolor.vitae@bibendumullamcorper.ca,1991-12-07,(037588) 469021,Urna Inc.,16640726-4917
Elaine,Murray,lorem@consectetuereuismodest.net,2007-06-03,(09756) 0655720,Dapibus Quam Quis Incorporated,16320321-4352
Harding,Burke,Cum.sociis.natoque@arcu.ca,1985-01-03,(009) 70428368,Ipsum Sodales Purus Ltd,16251020-4072
Jaime,Norris,cubilia.Curae@cursusInteger.net,2007-01-02,(0742) 15151377,Enim Institute,16831206-2402
Colin,Mejia,Praesent.eu@odioPhasellus.com,1963-10-28,(0266) 14859810,Per Inceptos Hymenaeos PC,16210716-6205
Rhonda,Hewitt,lacus.Mauris@etrisus.co.uk,2001-03-13,(036) 29455658,Ante PC,16300101-9508
Jennifer,Carr,nec@ornare.com,1973-06-20,(010) 11472606,Fringilla Incorporated,16201010-2214
Mikayla,Tucker,lacus.Mauris.non@metus.edu,1967-12-07,(030230) 302430,Lacus Associates,16010312-2727
Zephania,Ortega,quam.Curabitur.vel@malesuadavel.co.uk,2002-08-06,(020) 97075845,Nisi Cum Sociis Ltd,16290511-3169
Joshua,Melendez,leo.Cras@utquamvel.org,1999-12-27,(0570) 78437900,In Consectetuer Ipsum Corp.,16751019-8646
Rhoda,Stein,interdum.feugiat.Sed@consectetuerrhoncus.net,1965-06-03,(03346) 9864777,Netus Et Institute,16330906-6508
Inez,Bowen,Sed@necurnaet.net,1977-03-17,(0992) 06977014,Justo Eu Arcu Associates,16961121-2284
Emmanuel,Durham,Donec.vitae.erat@Duisami.edu,2002-06-15,(0838) 21006252,Magna Associates,16630530-4278
Myles,Thompson,nulla.magna.malesuada@Phasellus.com,1978-05-31,(03912) 2009478,Nisl Associates,16270102-4800
Wade,Rasmussen,adipiscing@interdumCurabiturdictum.net,2004-03-25,(0433) 00545126,Nec Enim Limited,16561009-6991
Tyler,Nicholson,ipsum.ac.mi@euultricessit.co.uk,1975-01-22,(084) 24121713,Luctus LLC,16381203-7814
Ariel,Rosa,auctor@lectusrutrum.com,1978-03-25,(0980) 77810496,Justo Industries,16230625-1451
Kato,Valenzuela,pede.Cras@Nuncmauris.ca,1992-07-24,(033180) 039109,Eros Non Ltd,16360708-7453
Scarlett,Moss,tristique@vestibulummassarutrum.edu,1993-05-29,(07239) 8717758,Eu Corporation,16120312-9398
Dawn,Russo,natoque.penatibus@Duiselementum.co.uk,1976-06-18,(06206) 4901980,Dictum Ltd,16190327-7901
Salvador,Le,Donec.vitae.erat@faucibus.com,1976-10-08,(045) 57398762,Et Libero Proin Corporation,16151016-4518
Upton,Lamb,arcu@urna.org,1994-09-03,(00525) 0182587,Est Ac Associates,16560608-8465
Leo,Hopper,quis.massa@metusAliquam.ca,1982-10-25,(06242) 0062536,Ac Sem Ut Industries,16490721-0910
Jessamine,Knapp,elementum@egestaslaciniaSed.ca,1986-10-25,(06448) 1488168,Non Quam LLP,16960226-8626
Macon,Leach,massa.Mauris.vestibulum@tinciduntvehicularisus.ca,1992-07-22,(035743) 187821,Vestibulum Lorem Institute,16011110-0798
Walker,Hartman,Sed@fermentum.com,1965-11-10,(0380) 36944205,At Velit Ltd,16611211-3755
Melvin,Conway,orci.lacus@rutrumjustoPraesent.com,1980-05-07,(037246) 301072,Ac Mattis Semper Foundation,16720404-7505
Vielka,Johns,orci.Ut@aliquet.edu,2009-10-31,(04735) 4072477,Nullam Velit Dui Associates,16211211-5197
Scott,Rutledge,porttitor.interdum@odioa.ca,1999-12-10,(057) 89588314,Mattis Cras Consulting,16770116-9265
Halla,Casey,nisl.sem.consequat@sagittis.co.uk,1994-11-28,(0136) 25167218,Et Magnis Inc.,16170426-6616
Vivien,Suarez,et.magnis@nonummyultriciesornare.com,2007-08-25,(08776) 6664991,Donec Tincidunt Donec Inc.,16110321-2237
Christen,Perkins,quam.elementum.at@mi.net,1992-10-29,(0174) 89966905,Ligula LLP,16540523-2801
Evelyn,Melton,vestibulum@ut.ca,1976-03-20,(070) 06161326,Parturient Montes Nascetur Ltd,16590405-8624
Solomon,Wilson,non.bibendum.sed@Quisque.ca,1971-06-27,(0199) 39572374,Vestibulum Nec Euismod Institute,16620328-6122
Hadassah,Merritt,metus@ametultriciessem.com,1993-12-14,(00478) 8485315,Vitae Sodales Nisi LLC,16150406-4781
Salvador,Delacruz,lacinia@ligula.org,1976-08-30,(036196) 773085,Odio Etiam Ltd,16050321-6269
Igor,Warren,feugiat@justonec.co.uk,1987-03-01,(030897) 939408,Et Industries,16190926-2568
Kirk,Roberson,luctus.sit@sit.ca,1992-09-16,(06727) 4988112,Congue A Limited,16960211-8425
Michael,Yang,Vivamus@nonummyutmolestie.co.uk,1996-06-01,(006) 19749647,Mattis Limited,16470514-3321
Hayfa,Warner,enim.Nunc@magna.edu,2002-03-30,(052) 17142286,Mattis Integer Eu Corp.,16580326-1394
Nicholas,Pace,Nulla.dignissim@Nam.net,1981-03-09,(05462) 0323754,Adipiscing Ligula Aenean LLP,16890212-6013
Hannah,Osborne,tincidunt.dui@Phasellusvitaemauris.org,2004-03-07,(03744) 1652853,Mauris Id Foundation,16060309-3386
Azalia,Garrett,egestas@pellentesqueSed.net,1981-06-28,(036351) 370685,Pharetra Consulting,16930802-0511
Noel,Valenzuela,nonummy@risusodioauctor.net,2004-05-01,(036821) 021574,Enim Mauris Quis Foundation,16770509-0418
April,Graves,ac.mattis.velit@accumsaninterdum.org,1975-01-02,(0758) 63383063,Ac Corporation,16420506-3375
Lionel,Galloway,quis.diam.luctus@vel.net,2008-12-15,(034058) 471092,Eleifend Company,16640322-7975
Howard,Wheeler,per@Donecnibh.ca,1997-10-30,(078) 82397069,Sit Associates,16910706-3712
Serina,Holmes,nunc.ullamcorper@dapibus.ca,1978-09-05,(05183) 8784824,Sapien Cursus In PC,16090814-1153
Latifah,Duran,sem.eget.massa@volutpatNullafacilisis.com,1966-03-18,(039064) 453174,Mauris Ut Quam Ltd,16761019-1327
Victor,Reeves,non.sapien.molestie@orciUtsagittis.edu,1966-05-03,(036368) 508258,Mattis Cras Eget Corporation,16500730-4982
Aladdin,Mcknight,elit.erat.vitae@orci.ca,1989-06-15,(06847) 5887217,Vitae Sodales Corp.,16030327-2785
Hope,Evans,dolor@acipsum.net,1969-06-09,(046) 71122221,At Risus Nunc Industries,16171212-2272
Zachary,Mueller,urna.convallis.erat@acurna.co.uk,1984-09-09,(070) 51772032,Convallis Est Vitae Incorporated,16200512-1922
Fulton,Chapman,sed@elit.co.uk,1974-04-19,(0030) 27352113,Congue PC,16791206-0576
Nichole,Flores,amet@urnaVivamusmolestie.com,1970-03-28,(038435) 814379,Ultrices A Ltd,16880801-5658
Indigo,Hansen,ante.dictum.cursus@enim.org,1980-05-31,(0219) 87078349,Aliquet Diam Corp.,16290124-7177
Aristotle,Lowery,nec.leo@Sedid.net,1981-06-15,(0315) 74953798,Sem Egestas Associates,16380703-6425
Ferdinand,Cardenas,Aenean@Duisvolutpatnunc.edu,2007-01-21,(019) 89191661,Interdum Feugiat Sed Corporation,16780915-3419
Benedict,Weber,eu.eleifend.nec@eget.edu,1988-01-26,(029) 18936028,Eros Proin Ultrices Consulting,16480515-3212
Emery,Avery,Aliquam@Nullamvelitdui.com,1988-01-11,(043) 97749761,Viverra Maecenas Industries,16530526-4789
Carson,Barnett,penatibus@sapiencursusin.ca,1966-05-21,(04738) 8918605,Sed Pede Cum LLC,16480208-9831
Lenore,Watson,sociis.natoque.penatibus@Suspendissetristiqueneque.net,2006-07-03,(014) 20469133,Tempor Lorem Company,16381014-6336
Bradley,Lester,tincidunt.vehicula.risus@sapienmolestie.net,1997-03-01,(0512) 05869731,Enim Consequat Purus PC,16140924-4579
Melvin,Foley,velit.eu@augue.com,1999-03-23,(0689) 85872781,Risus At Fringilla Ltd,16051128-0158
Taylor,Mullins,Etiam.bibendum@Morbi.co.uk,1981-05-20,(031625) 209235,Vivamus PC,16571102-0684
Meghan,Dejesus,id@eratvolutpatNulla.org,2004-04-19,(06914) 8435655,In Consequat Enim Limited,16180623-4124
Tate,Norton,diam@leoinlobortis.co.uk,1998-05-16,(036221) 183525,Non Vestibulum Nec Corp.,16440615-5392
Emerson,Knowles,Nullam@volutpat.edu,1979-08-30,(0561) 14009486,Aliquet Molestie Tellus Institute,16100226-1855
Carter,Lang,Quisque.purus.sapien@scelerisquelorem.ca,1970-07-09,(047) 71806596,Volutpat Consulting,16620917-3993
Emery,Strickland,nec.tempus@SeddictumProin.net,2000-12-13,(00793) 3305636,Tellus Faucibus Leo PC,16470101-3825
Kibo,Pierce,Donec.nibh@etarcu.ca,1990-05-22,(016) 57374815,Facilisi Sed Ltd,16040707-9094
Benjamin,Hull,per@odiovelest.com,2006-02-19,(0098) 01413183,Enim Suspendisse Aliquet Ltd,16661007-2933
Emmanuel,Snider,Duis.volutpat.nunc@ligulaAenean.ca,1973-03-30,(07977) 9787827,Facilisis Lorem Institute,16331008-8293
Oleg,Hood,sed.turpis@Sedmalesuada.co.uk,1970-10-14,(036) 62648768,Velit Inc.,16781214-6046
Norman,Patel,Suspendisse@Aliquam.org,2001-08-09,(037492) 973671,Cursus Nunc Mauris Consulting,16690620-6369
Aidan,Parsons,et.commodo.at@ProinmiAliquam.ca,1985-07-02,(00069) 6305281,Et Pede Nunc LLC,16330826-4583
Kellie,Blevins,cursus.vestibulum.Mauris@Ut.org,2005-04-03,(0840) 66848534,Cum Sociis Inc.,16440525-0541
Shaeleigh,Maldonado,dictum@a.net,2004-01-04,(056) 79578557,Nulla Industries,16790911-5102
Rooney,Baxter,Quisque.porttitor@maurisutmi.ca,1994-03-23,(03448) 9587805,Nunc Industries,16290230-8929
Rhona,Hood,ligula.Aenean@mollisDuissit.com,2007-07-18,(0698) 87827108,A Purus Duis Industries,16320226-6106
Ursa,Watson,ultrices@ullamcorpermagna.com,1970-06-23,(0566) 46677621,Suspendisse Dui Fusce Corp.,16980302-7821
Ray,Wagner,porta.elit@erosnon.org,2006-04-15,(083) 41361970,Dui Quis Accumsan LLP,16370612-3647
Aladdin,Hensley,blandit.congue@etmalesuadafames.org,1963-06-30,(086) 57053665,Sociis Natoque Penatibus LLC,16330527-0724
Angelica,Keller,dictum.augue@ligulaAliquam.org,1985-11-24,(059) 96056019,Suspendisse Sagittis Nullam Ltd,16140627-2920
Desiree,York,Proin@nuncullamcorpereu.co.uk,1986-01-18,(045) 93098331,Augue Eu Tempor Corporation,16590122-9871
Angelica,Fleming,quis@ullamcorperDuiscursus.ca,1970-03-25,(035268) 464046,Mi Lacinia Institute,16970529-1970
Xander,Hansen,sit.amet.orci@tinciduntpede.org,2003-02-12,(076) 50263585,Arcu Nunc Mauris Company,16810911-7443
Zenaida,Newman,felis@ipsumdolor.ca,1993-01-01,(085) 54241480,Augue PC,16950217-8933
Sloane,Case,ut.sem.Nulla@urnaVivamusmolestie.co.uk,1986-06-30,(031) 32593027,Quisque Varius Consulting,16510302-7404
Chancellor,Pacheco,non@inconsequat.ca,1967-07-30,(0180) 36087840,Eu Associates,16231208-2163
Robert,Patel,hendrerit.consectetuer.cursus@tellusPhasellus.org,1967-07-11,(0650) 75777139,Massa Quisque Porttitor Corp.,16280910-7457
Troy,Gonzales,et.pede.Nunc@mattisvelitjusto.com,1991-07-13,(0526) 62570098,Ipsum Corp.,16350905-1904
Jolene,Contreras,diam.nunc@ac.net,2004-04-29,(01923) 4081102,Sem Ut Dolor LLC,16121208-4121
Marshall,Mueller,porttitor@fermentum.org,1979-03-04,(031851) 224969,Nisl Arcu Corporation,16850215-6642
Zenia,George,Vivamus@sitamet.com,1979-09-10,(064) 77840360,Eu Ligula Aenean LLC,16521029-4327
Mercedes,Blackburn,fames.ac@odio.co.uk,2001-03-09,(03128) 6667542,Massa Lobortis Ultrices Consulting,16180220-8676
Remedios,Pickett,erat.Vivamus.nisi@tempor.ca,1962-05-18,(033471) 562967,Ac Arcu Incorporated,16511103-1539
Bell,Durham,et@mi.ca,1984-11-10,(037701) 412514,Sed Turpis Inc.,16190224-9349
Vielka,Garrett,Proin.ultrices@odioPhasellus.edu,1965-05-01,(031) 85908859,Per Conubia Foundation,16090711-8442
Janna,Kidd,mattis@ProindolorNulla.net,1962-03-17,(039139) 126755,Ac LLC,16160508-8291
Mona,Grant,lobortis.mauris@tellusAeneanegestas.net,1961-03-04,(04304) 3893789,Id Libero Donec Incorporated,16791208-6134
Aladdin,Vinson,Donec.sollicitudin@nequevenenatislacus.ca,1987-05-13,(0075) 61875149,Donec LLP,16290721-4668
Rogan,Bailey,velit@mollisInteger.net,1973-04-01,(0595) 80692208,Magnis Dis Parturient Foundation,16760825-0713
Armand,Goodman,Etiam@aliquam.net,1991-08-23,(064) 06136590,Et Rutrum Non LLC,16470415-2869
Jaden,Chen,vitae.sodales.nisi@consectetuer.edu,1975-08-02,(055) 65710721,Cras Institute,16010517-2118
Kirk,Anderson,ultrices.sit@molestie.edu,1984-07-12,(032270) 366974,Ipsum Primis In Incorporated,16160803-8103
Autumn,Marks,ipsum.Curabitur.consequat@bibendumDonec.ca,2004-04-28,(0723) 92131712,Urna Suscipit Nonummy Consulting,16540106-4679
Justina,Prince,Sed@ipsumCurabiturconsequat.org,1970-02-18,(039288) 836136,Tristique Pellentesque Tellus LLP,16241227-6970
Wang,Molina,lacus.Nulla@velarcueu.edu,2007-11-04,(0567) 95065551,Magnis Dis Associates,16490723-6501
Harding,Snyder,eleifend@magnaNam.co.uk,1961-02-01,(047) 15189717,In Consequat PC,16250223-3527
Breanna,Potter,magnis.dis@risusodioauctor.ca,2006-01-30,(034941) 460671,Nibh Donec Est Incorporated,16450412-5750
Gavin,Guthrie,ut.dolor.dapibus@ornarefacilisiseget.net,1990-03-01,(0743) 67601659,Cras Corporation,16411023-2099
Lunea,Rhodes,Aliquam.ultrices.iaculis@enimdiam.com,1975-02-28,(002) 12397932,Vitae Orci Consulting,16510318-8461
Dorian,Marquez,Sed.nunc@parturient.net,1996-07-14,(03418) 4269009,Tellus Faucibus Associates,16420520-3625
Ima,Dudley,Cras@consequatnec.co.uk,1974-02-23,(027) 23205584,Tincidunt Dui Corp.,16030726-0414
Xanthus,Richard,aliquet.nec@vitae.co.uk,1970-11-26,(0640) 53411012,Dictum Proin Corporation,16830914-1714
Mona,Montgomery,tellus@elit.edu,1995-04-21,(016) 39116738,Nunc Est Foundation,16120824-8631
Cameran,Whitney,Morbi@non.com,1986-05-20,(00615) 6934113,A Odio Company,16771017-4397
Kamal,Wilder,Quisque@Etiam.ca,1960-01-03,(07704) 8482593,Nec Enim Company,16481111-5304
MacKenzie,Graves,dolor.dapibus@dignissim.co.uk,1986-09-26,(0421) 09640341,Augue Ac Company,16621027-2727
Taylor,Martin,aliquet.metus@quis.edu,1992-02-25,(033140) 926966,Vitae Consulting,16890718-5162
Ina,Miller,in@Proin.co.uk,1996-10-20,(0696) 50649101,Scelerisque Neque Sed Institute,16240114-1342
Lane,Reid,tempor.arcu.Vestibulum@adipiscingnonluctus.net,1990-01-21,(057) 77630552,Molestie Arcu Inc.,16320613-4532
Kuame,Kirby,gravida.nunc@fringilla.co.uk,1969-06-08,(036343) 556775,Penatibus PC,16410506-0174
Thor,Coffey,ut@tempusloremfringilla.net,1973-05-02,(060) 82745047,Dolor Fusce Feugiat Institute,16950830-5530
Jaime,Torres,ornare@ultricesmaurisipsum.org,1978-04-24,(05282) 8725838,Lorem Luctus Ut LLC,16120201-1340
Casey,Franks,ligula.eu.enim@luctus.ca,2002-03-25,(037219) 388294,Nulla Interdum Consulting,16680116-9779
Barclay,Herring,Integer.in@dolorFusce.edu,1965-12-29,(06836) 4322324,Tincidunt Congue Limited,16600226-6622
Aurora,Hardin,velit.Quisque@lectus.com,1991-11-26,(017) 30370569,Nunc Pulvinar Incorporated,16411025-6155
Jamalia,Jordan,aliquam.iaculis@ornareplaceratorci.co.uk,1993-04-21,(07723) 9306454,Dui Suspendisse Ac Consulting,16930107-8540
Tarik,Arnold,sagittis@lectus.com,1979-07-13,(070) 33439677,Ligula Aenean LLP,16500930-7231
Hanae,Weber,Sed@aceleifendvitae.edu,1999-11-26,(033199) 761952,Augue Corp.,16960708-5132
Xaviera,Phillips,Class.aptent.taciti@nec.org,1983-02-15,(031605) 650809,Sed Molestie Ltd,16390414-2191
Len,Gould,elit@urnaNuncquis.org,1965-05-22,(036879) 662496,Mattis Semper Consulting,16531216-5789
Hope,Mckinney,Nunc.lectus.pede@adipiscing.net,1963-05-05,(0211) 20410946,Cras Interdum PC,16830120-6911
Andrew,Galloway,nulla@vulputateeuodio.com,1970-11-18,(0491) 04347644,Facilisi Sed Neque Ltd,16900229-8066
Jameson,Bernard,consectetuer@egestasAliquam.com,2007-09-12,(04558) 3984676,Vulputate Incorporated,16950520-9768
Flavia,Parrish,metus.vitae@malesuadafames.net,1975-07-05,(07224) 5574746,Consectetuer Rhoncus Corporation,16710414-2893
Sasha,Bartlett,Quisque.imperdiet.erat@risus.net,1966-11-17,(032724) 911724,Lorem Eget Incorporated,16080721-2832
Amelia,Harvey,risus@Pellentesquehabitant.net,2008-04-25,(084) 66027854,Id Blandit Foundation,16600820-7281
Destiny,Greene,mus.Proin.vel@semsempererat.ca,1996-10-05,(045) 95606592,Turpis LLC,16540713-8246
Lewis,Bridges,dui.nec@Aeneansedpede.net,1985-06-03,(0391) 00396693,Duis Limited,16060219-6610
Nelle,Nash,nec@vestibulum.ca,2007-06-30,(093) 82655222,Suspendisse Institute,16550522-9152
James,Glass,eu@gravida.org,1980-02-22,(070) 48999767,Eros Non Enim Ltd,16951011-1918
Donna,Camacho,mi@tempus.co.uk,1989-06-08,(047) 13828710,Sed Hendrerit A Limited,16200221-2823
Asher,Mueller,faucibus.leo.in@nislsemconsequat.edu,1969-02-05,(093) 22838410,Nisi Aenean Eget Industries,16270206-3013
Aspen,Massey,Proin.ultrices@Sed.edu,1998-04-28,(070) 00466796,Ante Bibendum Ltd,16231222-5036
Jermaine,Mcfadden,Cras.vehicula.aliquet@consectetuer.co.uk,2009-07-04,(064) 61285175,Convallis Ligula Institute,16540523-7735
Ciara,Stark,tellus@dolornonummy.edu,1966-09-28,(037195) 371556,Odio Inc.,16831114-1256
Acton,Schneider,pharetra.Quisque.ac@augueid.edu,2009-03-25,(029) 20403381,Luctus Vulputate Nisi Consulting,16621018-8188
Julian,Chen,nisi.Mauris.nulla@euenimEtiam.ca,1960-03-10,(0205) 10471081,Sagittis Placerat Cras LLP,16211010-7659
Ruby,Sparks,ipsum.cursus.vestibulum@maurisipsum.ca,1966-08-27,(09867) 5803553,Quam Pellentesque Habitant Limited,16150815-9116
Medge,Mayer,sodales.Mauris.blandit@Duis.edu,1986-04-01,(0240) 54905910,Rhoncus Nullam Institute,16300325-2974
Baker,Moran,sed@nuncsed.edu,1975-10-22,(035760) 294517,Ligula Nullam Enim Associates,16960814-6677
Mallory,Ingram,justo@cursusIntegermollis.edu,1975-02-14,(03643) 6223504,Est Ac LLP,16330313-1910
Mollie,Stokes,Suspendisse.aliquet@in.net,1979-11-01,(04780) 5762647,Consectetuer Adipiscing Corp.,16670328-8453
Emery,Acevedo,nisl@orci.net,1981-09-09,(022) 26706572,Lorem Corp.,16260708-4486
Christopher,Douglas,a@eu.com,1965-11-01,(035294) 023625,At Egestas A LLP,16401130-7867
Solomon,Talley,euismod.et.commodo@Inmi.co.uk,1978-10-24,(05541) 8290754,Morbi Vehicula PC,16360902-6517
Brendan,Booker,mi@augue.net,1968-08-04,(031807) 859517,Eu Company,16140227-3062
Carl,Mitchell,feugiat.placerat.velit@gravidamolestie.ca,1978-10-18,(099) 90922758,Euismod Urna Nullam Foundation,16051130-5765
Rigel,Osborn,quam.Pellentesque.habitant@augue.com,1997-05-23,(033623) 209138,Eu Industries,16781008-7937
Aphrodite,Ray,dignissim.pharetra.Nam@tristiquesenectuset.org,1969-02-23,(029) 84333999,Ullamcorper Associates,16450516-4295
Ryder,Maynard,orci@arcu.com,1993-02-27,(037261) 921694,Eu Associates,16230709-4108
Kimberley,Carson,Quisque@ipsumSuspendissesagittis.ca,1982-01-23,(0415) 65667103,Integer Institute,16060316-3460
Lester,York,egestas.hendrerit.neque@pede.co.uk,2006-07-07,(037279) 890809,Aliquam Nec LLP,16000303-6217
Carly,Acevedo,Sed.id.risus@ideratEtiam.ca,1960-11-12,(0141) 25969671,Libero At Auctor LLP,16600213-9423
Reuben,Estes,non@cursusvestibulumMauris.ca,1983-12-09,(050) 82071837,Tincidunt Neque Vitae Institute,16430607-7324
Kim,Holloway,egestas.a@congueIn.edu,2002-03-12,(019) 91522040,Eu Consulting,16531213-5816
Lillian,Mills,nunc.ac.mattis@aarcuSed.edu,1966-07-06,(08620) 8311878,A LLC,16251107-3294
Galena,Whitehead,diam.dictum@nonluctussit.org,2004-08-19,(032448) 772590,Sollicitudin Commodo Ipsum LLP,16371228-9853
Hamish,Jennings,Praesent.eu.dui@tincidunt.co.uk,1962-05-04,(081) 66563385,Cursus Institute,16440617-6174
Steel,Tillman,nulla.Integer@feugiatSednec.com,1982-01-26,(065) 23862378,Libero Lacus Institute,16360130-7782
Barrett,Hinton,semper@Donecdignissimmagna.com,1974-09-27,(034911) 281058,Ante Corp.,16530512-6103
Holmes,Benton,tellus@vestibulumnequesed.edu,2008-03-04,(033976) 894453,Amet Luctus Vulputate LLP,16580723-9834
Christian,Pena,turpis@gravidasagittis.edu,1999-11-02,(039920) 805307,Ipsum Primis In Corporation,16010807-0319
William,Lloyd,tincidunt@dignissimlacus.ca,1961-01-17,(0591) 75313536,Vitae Consulting,16810724-8216
Alan,Compton,diam@tristiquealiquet.edu,1971-09-21,(0965) 88441320,Neque Tellus Imperdiet Inc.,16251009-5918
Preston,Osborn,diam.vel@ornarelectus.edu,2000-03-14,(036960) 445227,Ligula Eu Industries,16661022-8352
April,Maxwell,tristique@nullaInteger.co.uk,1983-04-24,(0414) 85504900,Eu Eleifend Nec Company,16601110-2685
Xerxes,Huff,scelerisque.lorem@eu.edu,1981-12-20,(034898) 027585,Aliquet Libero Incorporated,16040722-5978
Garth,Ingram,Integer.in@Morbiaccumsanlaoreet.com,1975-09-24,(038410) 447457,Maecenas Malesuada Associates,16410630-7673
Elvis,Riley,lectus.Cum.sociis@magnaetipsum.com,1989-02-15,(0062) 03532956,Nullam Scelerisque Neque Institute,16730718-8982
Dalton,Vega,amet@Nuncuterat.com,2008-09-12,(0221) 76622971,Nec Associates,16180729-6932
Ivy,Mann,dui@urnasuscipit.net,1982-07-05,(007) 34053376,Feugiat Consulting,16311007-0350
Lynn,Abbott,interdum.enim.non@mauriselit.net,1981-03-23,(07611) 7604999,Eleifend Company,16590802-3657
Nell,Rhodes,Morbi.metus@nonummy.net,1963-03-15,(037748) 774196,Ornare Institute,16070217-0358
Brian,Mitchell,consequat.dolor@massa.org,2003-06-14,(030828) 183279,Mus Aenean Consulting,16020128-1391
Cheyenne,Travis,ipsum.Donec@Praesentinterdum.org,1988-12-15,(066) 11831930,Eleifend Non Dapibus Ltd,16511123-1725
Sebastian,Luna,fringilla@quispede.org,2000-11-08,(01905) 1030894,Libero At Corporation,16651030-2174
Elton,Waters,eu.odio@feugiatnecdiam.net,2005-02-17,(03041) 2772852,Gravida Sagittis Duis Corp.,16780501-2205
Dante,Bradley,Nullam@velsapienimperdiet.edu,1999-07-18,(03599) 6932854,Ipsum Curabitur Consequat Foundation,16920215-6379
Barbara,Drake,malesuada.Integer.id@diamDuismi.ca,1988-12-10,(02214) 6738612,Quisque Consulting,16950724-3799
Marshall,Pace,consectetuer.adipiscing.elit@molestieSed.co.uk,1976-11-18,(036368) 385142,Donec Elementum Foundation,16580125-2536
Yael,French,ultricies.adipiscing@consequat.ca,2001-06-20,(032017) 514238,Amet Ultricies Sem Corp.,16910109-4259
Samuel,Vincent,orci.luctus.et@id.co.uk,1999-07-11,(090) 13150910,Et Risus Quisque LLP,16011029-2729
Xaviera,Crawford,tellus@Etiamvestibulum.edu,2009-10-27,(099) 99896316,Sed Leo Cras Corp.,16600112-3295
Brady,Case,et@Nunccommodo.com,1989-02-22,(0113) 72538900,Urna Industries,16600102-8841
Dana,Lynn,amet.consectetuer.adipiscing@sedconsequat.edu,1989-06-17,(0225) 22115030,Semper Consulting,16861206-9404
Blaze,Mccoy,tempus.risus.Donec@placerat.co.uk,1982-11-23,(049) 95860680,Amet Industries,16091108-3277
Marcia,Fox,Quisque.imperdiet.erat@dignissim.co.uk,1984-05-14,(039419) 327232,Nec Eleifend Non Associates,16240928-0118
Malcolm,Baxter,Cras.convallis@ullamcorpervelitin.co.uk,2008-04-06,(039012) 871772,Enim Industries,16910730-2508
Joshua,Tran,ac.facilisis@inaliquet.com,1999-10-08,(073) 82130507,Eleifend Nec Institute,16510609-9228
Kiara,Gaines,eu.accumsan@veliteget.com,1965-08-12,(034979) 604152,Sem Egestas Institute,16910219-9339
Gillian,Sykes,eget.tincidunt.dui@erat.co.uk,2006-06-01,(01884) 4125054,Eget Magna Suspendisse Associates,16070403-0139
Ramona,Boyer,a.nunc.In@urnajusto.org,1975-07-24,(0735) 18259006,Egestas LLP,16050313-2060
Jakeem,Vazquez,felis@porttitortellusnon.net,1973-04-01,(0770) 60246205,Dictum Augue Malesuada Foundation,16160321-5250
Inga,Atkins,dui.Fusce.diam@lacusMauris.org,1982-03-20,(039611) 012257,Orci Consectetuer Euismod Incorporated,16810312-2258
Edan,Bates,lacus.Mauris@Sedid.edu,2002-09-01,(054) 08799256,Placerat Orci Lacus LLC,16690430-1923
Melinda,Curry,et.risus@variusorciin.edu,2006-10-08,(0137) 24077133,Curabitur Ut Odio Industries,16440927-8787
Lev,Gaines,tempus.mauris.erat@etlacinia.co.uk,1982-11-26,(003) 41704888,Tortor Integer Aliquam LLP,16530614-6241
Wade,Yang,tincidunt@aultricies.net,1990-03-01,(0856) 20986635,Vel Pede Consulting,16260917-5167
Brett,Gallegos,purus@anteipsumprimis.ca,1966-10-01,(0364) 65055221,Dapibus Gravida Aliquam Corporation,16090512-0689
Nichole,Marsh,a@euenim.edu,1971-02-04,(03523) 4104301,Aliquam Auctor Velit Foundation,16020318-9691
Rooney,Bentley,Nulla.dignissim@dignissimtempor.co.uk,1966-07-23,(0103) 15561213,Odio Semper Cursus Institute,16780609-8781
Kendall,Barnes,nibh.Donec@Sednunc.org,1962-03-19,(09657) 2847274,Luctus Aliquet Consulting,16580114-0905
Adara,Tyson,lobortis@imperdiet.com,1966-01-08,(037634) 631928,Donec Nibh Enim Consulting,16510811-0668
Wynne,Alford,ac.sem.ut@Proineget.ca,1992-10-26,(0776) 62481458,Sodales At Velit LLP,16860507-9410
Sheila,Terry,Sed@lectus.net,2003-12-22,(07940) 8942999,Dis LLP,16510621-2813
Steven,Copeland,semper.et.lacinia@auctornuncnulla.co.uk,1999-10-21,(0630) 80069331,Amet Orci Ut Industries,16300904-3005
Baker,Cotton,egestas.hendrerit@etliberoProin.ca,1975-02-02,(033325) 680257,In Tempus Eu PC,16450515-1466
Shelly,Mcintosh,non.sollicitudin@neque.com,1988-09-08,(001) 58595942,Sed Pharetra Felis Institute,16180720-2187
Oleg,Chapman,neque.vitae.semper@Utsagittislobortis.org,1967-06-22,(030055) 567902,Cursus Integer Foundation,16480422-5755
Wade,Mayo,amet.ultricies@Maecenas.ca,1965-10-26,(01042) 9750026,Erat Corp.,16370405-7243
Rajah,Oliver,risus.Nunc@tristiqueaceleifend.org,1986-10-11,(02028) 9571653,Sem Egestas Associates,16460826-3564
Timon,Barton,mollis.lectus.pede@euismodmauriseu.co.uk,1975-04-08,(031669) 340124,Tellus Non LLC,16890411-4504
Mercedes,Jennings,natoque@diamluctuslobortis.edu,1987-09-23,(0403) 96958545,Pellentesque Sed Dictum LLC,16820628-6737
Emerson,English,sed.orci@enimSednulla.edu,2001-10-13,(040) 58492861,Lectus Cum Corporation,16180224-3038
Xander,Murphy,Mauris@est.net,2009-12-13,(015) 38920968,Est Mauris Eu Foundation,16970330-0047
Mary,Coffey,penatibus.et.magnis@cursusInteger.com,2009-12-21,(036954) 994918,Phasellus LLP,16710409-8749
Todd,Oconnor,mauris@malesuada.com,1970-02-22,(03839) 4610493,Erat Semper LLC,16161107-3790
Neve,Cote,blandit@nisl.edu,1965-03-17,(052) 25728949,Phasellus Elit Pede LLP,16440619-8897
Nero,Barron,a@eu.com,1970-08-07,(0401) 83748074,Risus Duis A Incorporated,16421002-8355
Caesar,Copeland,Fusce@molestiearcuSed.org,2002-08-06,(08523) 3988833,Dictum Industries,16450614-3611
Zoe,Lindsay,nec@nonenim.ca,1998-11-30,(034505) 233976,Praesent Eu Dui Associates,16150607-6205
Odessa,Myers,Vivamus.sit@ridiculus.com,1985-07-23,(01318) 9044067,Commodo At Libero Corporation,16471124-5367
Ishmael,Yang,lacus@convallisincursus.edu,1982-06-22,(09991) 3882526,Sed Diam Institute,16750530-9786
Aquila,Stokes,viverra.Maecenas.iaculis@non.net,1960-11-09,(032640) 654549,In Hendrerit Ltd,16170907-4056
Ulla,Harrington,orci@mi.com,2007-07-19,(0590) 02973115,Ultrices Ltd,16851028-9781
Sonia,Bruce,tellus@iaculisaliquetdiam.org,1983-01-26,(015) 40852214,Sollicitudin Commodo Ipsum Corp.,16181126-7804
Lunea,Carlson,leo.Cras@ligulaAenean.net,1989-06-21,(002) 41845073,Lobortis Quam A Foundation,16300416-5258
Briar,Mcbride,viverra.Maecenas.iaculis@diamdictum.org,2005-07-27,(0070) 86112184,Laoreet Ipsum Associates,16610217-9154
India,Lester,nunc.sit@diamlorem.ca,1974-11-07,(038168) 021471,Nunc Ullamcorper Velit LLP,16810424-1867
Katelyn,Hooper,posuere.vulputate@estarcu.net,1991-02-10,(02387) 2863181,Metus In Nec Consulting,16531230-7480
Roth,Frazier,euismod@auctorodioa.edu,1993-01-03,(04070) 0016476,Tristique Consulting,16800729-8139
Leila,Preston,nibh.Aliquam@odio.com,1978-08-23,(08623) 4351466,Vel Est Associates,16870902-1540
Sharon,Lott,felis.adipiscing.fringilla@convallis.net,1963-01-18,(0753) 05760141,Nec Ante Institute,16980318-6387
August,Price,fermentum@vel.com,2000-07-01,(0790) 00170944,Sed Tortor LLP,16741028-0429
Sopoline,Morse,tortor.at@tempuseu.com,2000-03-14,(034675) 029294,Nunc Sed Orci Company,16270514-1493
Wing,Woodward,Lorem@nonummy.org,1971-09-08,(0627) 28832305,Mauris Non Dui Corp.,16091022-6471
Julie,Mann,est@diam.org,1961-11-01,(06095) 4191378,Dui Lectus LLP,16740129-5626
Joseph,Hewitt,eu.nulla.at@Proin.co.uk,2002-02-27,(0129) 32704435,Sed Corporation,16800209-2099
Madeson,Savage,ac.mi.eleifend@feugiat.com,1970-11-26,(056) 93661740,Justo Sit Consulting,16870325-0913
Hope,Carey,amet.orci.Ut@faucibusid.co.uk,1996-04-06,(001) 46725016,Ante Industries,16061019-7279
Judith,Dawson,auctor@ullamcorpernisl.edu,1983-10-25,(0069) 75802960,Elementum At Incorporated,16240119-0570
Jesse,Webb,lorem.ac.risus@duilectusrutrum.ca,1976-07-17,(081) 49801583,Nunc Inc.,16210102-6298
Blossom,Carlson,amet@dolor.ca,1999-10-17,(04050) 4281153,Maecenas Corporation,16260115-0515
Suki,Avila,nonummy.ac.feugiat@sitametlorem.co.uk,1962-11-16,(0151) 37651645,Ac Feugiat Non Incorporated,16160616-1733
Mari,Clark,pede@ornareliberoat.org,1982-07-25,(079) 70303685,Egestas Hendrerit Neque Corporation,16130218-1753
Seth,Clayton,nascetur@sedconsequatauctor.edu,1961-09-13,(030229) 951478,Mi Enim Condimentum Incorporated,16571213-1886
Caldwell,Sargent,dis.parturient@risusIn.ca,2007-04-22,(049) 07974155,Velit Sed Malesuada Foundation,16000808-7652
Robert,Mcfadden,tortor.Nunc@Aeneangravida.net,1960-03-13,(0468) 10991409,Enim Condimentum Company,16830317-9082
Hiram,Dotson,nisl@tortornibh.net,1990-05-30,(03420) 2874777,Eget Inc.,16810319-1667
Gabriel,Taylor,purus.in.molestie@tempusmauris.co.uk,1966-12-07,(089) 60411005,Faucibus Orci Luctus Consulting,16450704-0311
Zia,Thomas,erat@Proinnislsem.edu,1987-10-09,(033212) 490318,Vehicula Pellentesque Tincidunt Associates,16670526-5582
Octavia,Watson,lacus.Mauris@eget.co.uk,2006-03-02,(034000) 596322,Curabitur Vel Lectus Ltd,16570706-4209
Ahmed,Little,elit.pellentesque@egetmagnaSuspendisse.org,1976-05-11,(037863) 710885,Malesuada Malesuada Company,16620208-2266
Ayanna,Butler,magnis.dis.parturient@penatibuset.com,1962-10-31,(07279) 1088791,Ullamcorper Corp.,16170204-8792
Shelly,Kirkland,tellus.Suspendisse.sed@fringilla.org,1989-09-30,(046) 54448819,Id Industries,16130529-7424
Christopher,Greer,dis.parturient@Pellentesquetincidunttempus.com,1986-02-06,(0572) 57190890,Adipiscing Elit Etiam PC,16961229-3838
Hunter,Patterson,et.magnis.dis@libero.org,1993-12-11,(034474) 759913,Adipiscing Corporation,16660819-9151
Laith,Fields,in.magna.Phasellus@facilisiSedneque.net,1984-01-20,(096) 01185110,Amet Diam Eu Consulting,16630403-5691
Kay,Boyer,euismod.ac@Inscelerisquescelerisque.com,1974-01-29,(0707) 83498343,Turpis LLC,16680705-4637
Griffith,Wilkinson,at@varius.net,1974-01-21,(06338) 3680947,Nibh Lacinia Orci Consulting,16941010-2587
Astra,Bennett,dictum.ultricies@Sedet.co.uk,1968-08-31,(052) 05938654,Leo Limited,16370504-9330
Vernon,Woodard,libero.dui.nec@Maurismolestiepharetra.co.uk,1965-04-02,(0305) 43020367,In Faucibus Orci LLP,16001014-4921
Macy,Castaneda,Etiam@facilisiseget.edu,2006-01-12,(0622) 97389691,Scelerisque Sed Corporation,16730527-1301
Cooper,Summers,Morbi.metus@consectetueradipiscingelit.edu,2005-01-11,(00970) 1275510,Malesuada Ut Sem Industries,16360215-9646
Jackson,Pate,orci.quis@tempusscelerisque.org,1974-09-04,(0598) 64335135,At Velit Cras Ltd,16540407-2901
Connor,Gilmore,libero@DuisgravidaPraesent.edu,2009-06-29,(016) 17354619,Tincidunt Pede Ac Industries,16480528-1914
Magee,Mendez,Praesent.luctus@urnaconvalliserat.edu,1967-08-19,(035410) 526095,Convallis Est Vitae Corp.,16561213-6803
Tanya,Patrick,tempor.erat.neque@Suspendisse.ca,1996-04-18,(039575) 148962,Auctor Odio LLP,16940623-3487
Dalton,Mcfarland,vitae@sodalesat.ca,2001-03-07,(0899) 99545187,Aliquam Incorporated,16090226-6980
Ciara,Byrd,vitae@senectus.net,1995-06-30,(02358) 6652408,Urna Nullam Inc.,16050616-9317
Maxwell,Herring,a@felisegetvarius.net,1978-02-17,(00323) 0738610,Quisque Tincidunt Pede Corporation,16350118-6047
Jermaine,Byers,Maecenas.libero@ultricesiaculis.co.uk,1961-12-03,(09032) 4610124,Justo Nec Ante Institute,16540915-2922
Solomon,Curtis,quis.diam@Quisquetinciduntpede.ca,1994-02-20,(05897) 7550614,Phasellus Dolor Elit LLP,16150410-1344
Zelenia,Miranda,Morbi@pedeCum.ca,1992-09-11,(001) 77806752,Eget Lacus Mauris Company,16970909-2804
Tanek,Velasquez,vestibulum.massa.rutrum@urnaUttincidunt.org,1960-12-01,(0738) 73415232,Lorem Ipsum Limited,16951223-3322
Ulysses,Holman,blandit@fringillamilacinia.co.uk,1980-10-17,(07390) 5172795,Nulla Semper Tellus Industries,16800127-2387
August,Mendoza,Aenean.gravida@molestietellusAenean.com,1968-05-29,(0256) 25489476,Dictum Corporation,16530714-5051
Caleb,Franco,euismod.in.dolor@Integer.net,1994-04-25,(083) 55729633,Ac PC,16861202-3625
Teegan,Roach,sit.amet@mollis.com,1988-11-17,(0434) 85149202,Vulputate Mauris Inc.,16620426-5463
Hasad,Calhoun,egestas@Pellentesqueultriciesdignissim.ca,1971-12-20,(039606) 482140,Dapibus Gravida Aliquam Associates,16400425-1593
Sylvester,May,sollicitudin.commodo@nostraper.ca,1976-12-08,(032) 16331502,Ridiculus Associates,16981109-3682
Camden,Rowland,malesuada.id@mattissemper.com,1999-09-19,(036565) 126442,Nec Ligula Inc.,16400523-7187
Cameran,Kline,a@ridiculusmusAenean.net,1962-08-12,(088) 52036615,Aliquam Tincidunt Nunc Limited,16580618-5855
Guinevere,Christensen,Pellentesque.tincidunt@iaculislacus.ca,1979-06-05,(033360) 550305,Eu Metus In Associates,16850919-4026
Barclay,Dickerson,non.sollicitudin.a@Praesent.edu,1984-10-06,(06218) 5958174,Neque In Consulting,16660413-6637
Denton,Mccoy,vel.nisl.Quisque@Vivamussit.org,2001-12-04,(0817) 13911650,Cras Convallis Limited,16000613-7301
Jesse,Gregory,Duis@risusquis.ca,1996-05-16,(0579) 57237290,Dignissim Lacus Aliquam Limited,16230105-4744
Wynter,Burke,Sed.molestie@Suspendissealiquetsem.co.uk,1967-07-05,(04286) 1028670,Nunc Laoreet Incorporated,16720910-1307
Ahmed,Doyle,rhoncus.Proin.nisl@Sed.edu,1984-04-17,(074) 35080274,Ornare Associates,16031124-4032
Finn,Rodriguez,tincidunt@magna.net,1984-12-01,(0599) 96750490,Dolor Limited,16740326-5171
Keegan,Leblanc,magna.Sed@sapiengravida.ca,1977-02-21,(093) 62659050,Est Mauris Eu Inc.,16121012-7542
Ryan,Wilder,augue.ut.lacus@arcu.edu,2001-12-22,(0612) 03465267,Adipiscing Mauris Molestie LLP,16180227-1484
Tad,Williamson,lorem@nisisemsemper.co.uk,2008-05-26,(08324) 9529222,Posuere Foundation,16540204-8861
Ella,Guerra,semper.cursus@cursusnonegestas.com,1982-08-07,(034717) 083892,Tristique Pharetra Quisque PC,16910214-3899
Vaughan,Warren,pretium.neque@adipiscingligulaAenean.net,1999-06-03,(0199) 09115848,Fames Ac Corporation,16070527-1971
Avye,Lester,ac@tinciduntadipiscing.com,1972-12-31,(002) 24382885,Posuere Cubilia Industries,16940110-9112
Caesar,Cabrera,semper.cursus.Integer@molestietellus.edu,2004-06-19,(030024) 013215,Cras Lorem Institute,16771020-6900
Tasha,Greer,Sed.nec@duiquisaccumsan.ca,1984-08-07,(08174) 2216160,Sed Pharetra Institute,16640730-7716
Samuel,Owen,Cras.vulputate@tempor.ca,1970-05-19,(058) 16963366,Ligula Aenean LLC,16930305-2014
Cherokee,Vasquez,ipsum.porta@pellentesque.edu,1999-07-30,(06165) 0569999,Aliquet Molestie Tellus Associates,16400314-6208
Miriam,Trujillo,enim.Etiam.imperdiet@egetvenenatisa.edu,1981-11-11,(030140) 833814,Pellentesque Massa Lobortis Incorporated,16510324-1864
Tara,Parker,Sed.et@atpede.ca,1982-10-10,(0593) 38569810,Quam Corp.,16450312-0729
Jerry,Rosario,dapibus@dolorDonecfringilla.com,2002-01-03,(04697) 7940155,Enim Nunc Ut Corp.,16190130-4889
Bianca,Smith,libero.Donec@ullamcorper.org,1969-12-22,(0946) 28495289,Mollis Phasellus Libero LLC,16021116-6889
Alfonso,Warner,magna@massaVestibulumaccumsan.net,1968-09-07,(01876) 5883765,Ultricies Foundation,16480411-2540
Damian,Vazquez,morbi.tristique@dictum.edu,2000-07-10,(0455) 96588856,Neque Sed Sem Limited,16880423-8379
Mia,Warren,sollicitudin.adipiscing@orciUtsemper.net,1984-11-15,(049) 25836661,Eleifend Non Dapibus Foundation,16911201-0948
Dalton,Strong,bibendum@nisi.co.uk,2001-01-01,(04769) 7435684,Ac Institute,16930101-2069
Octavia,Murray,sit.amet@porttitorerosnec.co.uk,1962-10-17,(06681) 2611608,Ridiculus Mus Aenean Ltd,16870927-9593
Barrett,Holloway,Proin.eget@Nullamvelit.com,2000-05-05,(0089) 90034422,Semper Cursus Institute,16620502-8670
Cailin,Snow,ipsum.dolor@porttitorinterdumSed.edu,2000-04-27,(022) 45472473,Montes Nascetur Company,16650720-8301
Keiko,Morris,vel.venenatis@acmattisornare.ca,1971-11-25,(06578) 1279928,Dui LLP,16110918-0396
Ora,Guy,lacinia@AliquamnislNulla.net,1973-01-06,(02246) 3591886,Nisi Magna Sed Limited,16620307-3801
Alea,Combs,sit@odiosempercursus.net,1976-04-12,(08918) 3124360,Enim Non Nisi Institute,16661014-6950
Thaddeus,Lawson,Aliquam.nec@velitQuisque.com,2003-06-18,(047) 30669512,Magna Tellus LLC,16870227-7008
Orla,Hall,consectetuer@interdum.co.uk,1971-05-22,(0280) 39982466,Lacinia PC,16730402-2440
Faith,Hopper,Aenean.egestas.hendrerit@fringillaest.edu,2006-08-05,(032080) 400772,Blandit Viverra Donec Industries,16840709-4948
Fritz,Gallegos,nisl@tortor.org,2009-11-16,(04833) 2726042,Vitae PC,16621128-0547
Katell,Mullen,diam.luctus@Maurisblandit.ca,1990-09-03,(08588) 8202726,Ut Incorporated,16011121-4698
Thaddeus,Guzman,eros.non.enim@Proinnislsem.com,1976-06-03,(095) 08026634,Sit Consulting,16590214-1455
Quinlan,Lancaster,Sed@volutpat.org,1988-01-01,(065) 83867515,In Tincidunt Corp.,16310812-8400
Emery,Hooper,rutrum.justo@cursusdiamat.edu,2005-04-24,(0320) 75450299,Vehicula Associates,16731213-1084
Keith,Washington,interdum@mauris.net,1961-07-07,(04686) 7965554,Lorem Limited,16680120-5367
Emmanuel,Holloway,ornare.sagittis@primisin.org,2001-03-30,(039941) 235915,Egestas Foundation,16980819-2463
Jordan,Flynn,convallis.in@convallis.net,1960-07-25,(034349) 537439,Interdum Curabitur Dictum Corp.,16340307-1925
Nomlanga,Vinson,mollis.vitae.posuere@cursusNunc.com,1960-01-18,(035392) 973227,Neque Venenatis Lacus Limited,16580419-6581
Stephanie,Lowe,ac@Nam.co.uk,1960-02-15,(031426) 073427,Varius Et Consulting,16510604-5775
Justine,Gillespie,elit@acipsum.net,1974-10-14,(039845) 148008,Euismod Limited,16140804-1794
Xerxes,Frye,tristique.pharetra.Quisque@blanditmattisCras.net,1976-07-07,(06079) 9730323,Facilisis Institute,16941017-7084
Cain,Cobb,metus.eu.erat@auctorvitae.org,1984-04-15,(04713) 2284852,Id PC,16880424-7909
Amelia,Casey,eu@velitegestaslacinia.com,2006-10-28,(052) 77774710,Curabitur Massa Vestibulum Company,16070607-9415
Echo,Glover,nec@Morbi.com,1977-09-29,(031883) 945552,Porttitor Vulputate Foundation,16270913-3132
Logan,Slater,fringilla.ornare.placerat@elitelit.com,1999-08-12,(062) 21396302,Mauris Ltd,16480625-8937
Velma,Nash,elit.pretium@ridiculusmus.edu,1969-10-21,(032591) 050471,Praesent Ltd,16951127-6025
Wylie,Phelps,Donec@CraspellentesqueSed.net,1983-05-16,(039506) 690137,Sed Dictum Eleifend Corp.,16870722-6232
Xander,Combs,vel@porttitor.ca,2008-08-02,(0314) 45183936,Euismod LLC,16860710-4935
Jessica,Santana,eget.dictum@nonquam.co.uk,1983-02-25,(071) 21554616,Vestibulum Limited,16981215-6074
Evan,Jimenez,ridiculus.mus.Donec@Vivamusnibh.com,1970-02-03,(0178) 14825715,Ut Incorporated,16460111-8096
Harriet,Thomas,tellus.faucibus@atrisus.edu,1994-04-08,(0598) 72955436,Tellus PC,16800112-6005
Branden,Hardy,Donec.feugiat@dui.org,1987-01-30,(034649) 977029,Ipsum Limited,16731020-9882
Germaine,Lara,ligula.Nullam@idblanditat.com,2001-07-20,(079) 36999193,Arcu Vel Incorporated,16410822-6996
Haviva,Kennedy,leo.elementum.sem@interdum.com,1976-08-13,(030606) 610573,Ultricies Consulting,16351129-6521
Ira,Jacobs,sem@nonmagna.net,1973-09-28,(0169) 84722995,Pellentesque Habitant Foundation,16011220-9051
Rahim,Hayden,Donec.elementum@ut.org,1987-02-13,(004) 42906852,Erat Eget Tincidunt Company,16030525-2868
Azalia,Bartlett,adipiscing.lobortis.risus@tempor.org,1998-03-02,(0782) 31881185,Volutpat Nulla Dignissim Company,16310225-9276
Lyle,Rosa,feugiat@eget.org,2001-08-20,(06735) 5771854,Tortor Ltd,16900306-4624
Oscar,Pruitt,dolor.quam@enim.net,2007-11-27,(034382) 604146,Et LLC,16881108-4675
Kai,Stanley,congue.turpis.In@sit.net,1960-01-05,(02053) 8422651,Sit Corp.,16850528-2338
Demetrius,Battle,metus.facilisis@ipsumprimis.com,1996-12-28,(08550) 5516248,Rutrum Eu Incorporated,16940607-6951
Flynn,Mckay,sem.elit.pharetra@adipiscingfringillaporttitor.edu,1974-04-10,(06397) 7731937,In Cursus Foundation,16251004-9774
Aphrodite,Mcdowell,vel@eratvitae.com,1988-02-23,(030729) 887962,Consectetuer Company,16261208-9728
Brenda,Rowe,hendrerit@sempererat.com,1983-02-18,(038203) 440075,Velit Sed Malesuada Corporation,16650205-6820
Vernon,Tucker,fringilla.ornare@faucibus.com,1972-12-30,(034524) 971798,A Ultricies Company,16850318-4429
Brody,Spencer,Sed.eu.nibh@velit.co.uk,1966-03-05,(033875) 426502,Sit Amet LLC,16620630-2603
Levi,Massey,neque@euismodin.org,1982-10-25,(06169) 6268398,Vulputate Industries,16431115-7491
Debra,Merrill,nec.cursus.a@non.ca,1991-08-18,(04464) 0071040,Arcu Vel Foundation,16080207-2884
Barclay,Mason,et.magnis@seddui.com,1999-10-18,(032365) 292378,At Auctor Ullamcorper Corp.,16470612-7075
Lavinia,Santana,placerat@luctus.net,1967-04-22,(0105) 79533017,Feugiat Tellus Company,16690128-4023
Anthony,Britt,bibendum.sed.est@ultriciessemmagna.org,1986-12-22,(0984) 54229348,Ante Dictum Incorporated,16430704-7813
Willow,Conway,Fusce@arcuvel.edu,1988-01-18,(093) 61403352,Malesuada Fames Associates,16770602-1800
Indira,Gregory,magnis.dis@inlobortis.org,2008-12-26,(035) 04070454,Consequat Associates,16200811-1128
Chester,Reese,Proin.vel@Donec.com,2004-04-21,(0836) 44170571,Augue Id Consulting,16271001-3638
Frances,Woodard,eu.augue.porttitor@mauris.org,1979-09-18,(0873) 65897515,Integer Limited,16850328-8352
Zeus,Francis,gravida.sagittis@Nunc.com,1999-11-12,(037640) 658882,Donec Dignissim Corp.,16230128-8276
Conan,Serrano,Nullam.velit@arcuMorbisit.org,1966-09-27,(0916) 02801414,Aliquam Auctor Corporation,16480501-7276
Uriel,Klein,eu.arcu@nonantebibendum.edu,1994-04-29,(036005) 326182,Tempus Mauris Limited,16420610-7205
Sonia,Schultz,semper@Integer.edu,1977-01-20,(015) 48359880,Ut Quam Vel LLP,16311003-7151
Dustin,Langley,quam.a.felis@Phasellusliberomauris.edu,1978-03-11,(034369) 792286,Primis In Faucibus Associates,16670716-9121
Nolan,Tyler,in@sedpede.com,2003-09-09,(031163) 931567,Augue Malesuada Industries,16111207-1384
Fallon,Norris,nec.mollis@luctusvulputatenisi.org,1991-02-10,(053) 59036078,Vel Nisl Quisque Corp.,16650828-0358
Constance,Walls,nec.imperdiet@metus.net,2008-12-09,(0746) 52016191,Egestas Consulting,16871113-3655
Rina,Cortez,feugiat.non.lobortis@tinciduntnuncac.com,1999-03-28,(00075) 4858183,Nullam Feugiat Inc.,16360522-4397
Melyssa,Winters,lorem@ridiculusmus.ca,1986-12-01,(035) 59123054,Eu Odio Institute,16970823-6451
Naida,Herrera,eget.volutpat@Donec.ca,1990-06-22,(0371) 95634551,Malesuada Company,16171218-5493
Ross,Haney,mi@sitametdiam.org,1968-02-29,(033676) 134006,Cras Interdum Nunc LLP,16931107-4612
Herrod,York,eros@Cras.ca,1968-10-06,(0765) 24531834,Pellentesque Habitant Morbi Industries,16070316-5308
Olympia,Becker,libero@ante.org,1995-07-31,(02994) 5742584,Tristique Senectus Et Industries,16800225-9763
Yoshio,Phelps,sit.amet@molestie.edu,2005-04-30,(0142) 88189363,Duis Industries,16860608-5929
Keane,Blackburn,Praesent.luctus.Curabitur@duinec.edu,1994-12-21,(04443) 1330448,Quis Arcu Vel Industries,16370414-8331
Samson,Cooke,sollicitudin@Aeneanegetmagna.ca,1993-03-16,(015) 07197811,Enim Gravida Sit Company,16540522-7736
Declan,Rasmussen,consectetuer.rhoncus@hendreritconsectetuer.org,1981-07-21,(06083) 8412405,Tempus Consulting,16130719-4231
Kermit,Shelton,lorem.tristique.aliquet@venenatisa.net,2001-10-21,(035474) 511150,Fermentum Convallis Consulting,16890720-5283
Maia,Dominguez,aliquet.magna.a@aliquetProin.ca,1971-03-14,(0369) 64570704,Auctor Quis Associates,16160708-3332
Sonia,Sanford,natoque@purusMaecenaslibero.net,1992-08-27,(0072) 63113010,Bibendum Ullamcorper Duis LLC,16100419-7701
Jesse,Glenn,arcu.Sed@tempus.ca,1970-08-23,(0200) 07426409,Nec Eleifend Non Associates,16441211-9010
Tanisha,Blanchard,Lorem@Suspendissealiquet.edu,2007-07-20,(08561) 9533723,Tincidunt Vehicula Associates,16291220-4316
Chadwick,Dotson,erat.eget@dui.org,1989-12-17,(037615) 807706,Nullam LLC,16441027-3520
Xandra,Randolph,lacinia.orci@mollisIntegertincidunt.net,1974-12-05,(036) 98215189,Fusce Institute,16030111-8022
Steel,Dunn,amet.consectetuer@nectellusNunc.com,1967-09-03,(035) 57820554,Donec At Arcu Company,16340721-3739
Bernard,Reeves,Nulla.aliquet.Proin@natoquepenatibus.edu,1996-01-26,(00860) 0618155,Nunc Lectus Pede PC,16731120-3819
Dana,York,neque.vitae.semper@primisinfaucibus.net,1981-05-05,(08091) 9678344,Ligula Nullam Corporation,16440723-4709
Karleigh,Mclean,ante.Maecenas.mi@eudoloregestas.ca,1962-01-18,(030959) 569794,Neque Morbi PC,16410318-7987
Whitney,Griffith,enim@ametornare.edu,1969-02-07,(03473) 8722618,Sed Molestie Sed Corporation,16690107-9332
Nathaniel,Cross,Sed@vulputateullamcorpermagna.edu,2004-01-12,(048) 86603431,Eleifend Non Dapibus Corporation,16250921-5964
Clarke,Gray,placerat.orci@ipsum.org,1964-11-14,(037407) 875868,Fringilla Incorporated,16280911-9833
Leonard,Figueroa,Fusce@sapien.ca,1975-01-23,(026) 26124180,Interdum Enim Non Corporation,16391024-5830
Kristen,Mejia,amet@ut.co.uk,1987-02-16,(00763) 5897307,Interdum PC,16910329-1242
Melvin,Grimes,mi.lorem@enimmi.net,1969-02-14,(066) 62733139,Sociis Natoque LLC,16270601-0770
Geoffrey,Ortega,eleifend.Cras.sed@nonenim.com,1985-07-18,(08407) 5113193,Convallis Ante Ltd,16160525-5668
Shafira,Sanchez,justo@laciniaatiaculis.net,1969-07-20,(0717) 87313985,Neque In LLC,16990106-6671
Dacey,Melton,vehicula.et.rutrum@auctorvitaealiquet.net,1977-03-06,(0689) 23233772,Posuere Cubilia Corporation,16830510-3643
Juliet,Middleton,adipiscing@ullamcorper.net,1963-04-06,(01380) 1511641,Posuere Cubilia Curae; Ltd,16280409-5137
Melodie,Mckenzie,in.dolor@sagittis.com,1971-10-30,(0696) 24829118,Urna Convallis Company,16330605-4838
Taylor,Zimmerman,sem.molestie@sitamet.ca,1997-08-13,(0979) 77826300,Sem Associates,16471215-6886
Eve,Raymond,Nullam@Namligula.org,1984-07-04,(034594) 773227,Dictum Proin Eget Company,16490423-1067
Victoria,Mcdaniel,nec.malesuada@urnaconvallis.co.uk,2002-03-07,(069) 25731543,Cum Sociis Natoque Incorporated,16380916-0660
Yvette,Delgado,Duis.at.lacus@diamPellentesque.ca,2008-02-07,(054) 25674759,Nunc Ut Erat Corporation,16790116-3514
Bernard,Mccarthy,purus.in.molestie@Cum.ca,1967-08-18,(037504) 330122,In Consulting,16750720-0637
Basia,Washington,risus.Donec@Sedeu.edu,2006-09-08,(070) 27832571,Ut Pharetra Corp.,16791007-2235
Hilda,Mckay,vitae.erat@sapienimperdiet.net,1960-09-30,(033657) 743367,Sapien Gravida Non Ltd,16180904-1153
Lucy,Vaughan,non@nequepellentesque.net,1968-06-23,(039211) 576381,Magna LLP,16300120-2021
Kylynn,Garrison,arcu.Morbi.sit@sitametrisus.co.uk,1979-03-15,(0428) 66316135,Sed Sapien Company,16130108-8991
Graiden,Schroeder,fringilla.mi@blandit.edu,1988-07-20,(03317) 1918679,Erat Vitae Risus Foundation,16780909-8846
Constance,Kim,sed.pede@eratsemper.com,1964-09-10,(04194) 5403353,Duis Sit Foundation,16470118-7389
Iris,Sexton,non@dui.ca,1969-04-24,(039946) 334091,Ante Ipsum Primis Incorporated,16370501-7758
Caleb,Grimes,Mauris@DonecegestasAliquam.edu,1970-09-01,(07844) 3457857,Adipiscing Fringilla Corp.,16760721-2011
Fiona,Franks,id.sapien.Cras@Nunc.net,1968-06-24,(005) 00608667,Lorem Luctus Inc.,16741013-2471
Fleur,Dorsey,pellentesque.a@Etiam.org,1990-05-22,(07821) 7310431,Libero At Auctor LLC,16690217-5139
Veronica,Bentley,tempor.est@Integertinciduntaliquam.co.uk,2001-07-04,(036143) 080195,Ad Litora Corporation,16500901-6162
Chase,Nash,Cras@necmollisvitae.ca,1969-04-03,(07833) 1295761,Sed Corporation,16690322-7947
Noel,Fuentes,enim.Etiam.imperdiet@odiovel.net,1996-10-18,(010) 56507903,Sem Elit Pharetra Limited,16620424-8816
Brynn,Jennings,tellus.lorem@cursus.com,1980-07-17,(030238) 853748,Duis Mi Enim Foundation,16590123-5621
Whoopi,Garza,orci.lobortis.augue@Nullamutnisi.co.uk,1984-01-14,(038182) 866806,Tempor Foundation,16100621-7382
Benedict,Holland,Sed.nec.metus@Morbinequetellus.edu,1973-04-13,(09243) 2733931,Mi Fringilla Mi Corporation,16231213-3669
May,Waters,Aliquam@Nulla.net,1990-11-30,(0303) 78422687,Tellus Phasellus Elit Inc.,16430602-7493
Aristotle,Pierce,consequat@quisurna.ca,1971-12-23,(05065) 7237726,Sed Sapien Nunc Corporation,16400220-2838
Ivor,Rosales,Aliquam.vulputate.ullamcorper@eutellus.co.uk,1984-03-08,(035011) 556488,Auctor Foundation,16250230-1902
Reuben,Mcfadden,nisl.elementum@tellusAenean.org,1974-05-12,(0406) 85280145,Faucibus Limited,16260114-7008
Hamish,Sears,primis@utodio.co.uk,1964-04-13,(031339) 495780,Nunc Ut Corp.,16971128-5677
Odysseus,Cohen,nec.cursus@tincidunt.co.uk,2009-07-06,(000) 04283214,Integer PC,16120416-6977
Hermione,Nielsen,non.hendrerit.id@atnisiCum.edu,2003-06-21,(037979) 665437,Enim Institute,16420307-0646
Katelyn,Salazar,et.arcu.imperdiet@atvelitCras.edu,1994-03-16,(06328) 0429827,Ultrices Ltd,16841030-5497
Levi,Hanson,per.conubia@inaliquet.com,1987-10-22,(0304) 30314685,Habitant Morbi Tristique Corporation,16750501-8791
Joel,Stanton,magna.Praesent@justo.edu,1965-09-03,(097) 24692492,Feugiat Corporation,16590823-8248
Juliet,Brock,egestas.urna.justo@et.ca,1968-01-19,(092) 41180562,Molestie Foundation,16760830-7075
Keaton,Hinton,et.magnis.dis@nonsapienmolestie.com,1965-05-04,(0229) 03323056,Turpis In Consulting,16241116-5828
Russell,Hanson,Praesent@Donecfeugiat.com,2005-06-03,(042) 57670298,Sed Corp.,16010124-1925
Cassandra,Cardenas,penatibus@purusgravidasagittis.org,1995-12-18,(0803) 38218942,Elementum Sem Vitae Foundation,16320222-2745
Lillith,Trujillo,Quisque.ornare@tempor.com,1981-05-31,(035434) 170566,Malesuada Malesuada Corporation,16110608-6893
Jael,Newman,rutrum.urna@dui.net,2001-12-22,(016) 51127113,Pellentesque Sed Dictum LLC,16470412-5121
Neve,Murphy,nec@lectusa.edu,1979-03-31,(03485) 1999445,Pellentesque A Facilisis PC,16460318-7396
Ella,Stein,blandit@et.co.uk,1968-03-30,(0321) 74469218,Fringilla Donec Foundation,16550516-1892
Mannix,Manning,vel@ridiculusmus.org,1960-12-26,(039810) 715566,Accumsan Incorporated,16311001-4473
Benjamin,Long,at.augue@diamProin.ca,1980-01-28,(02940) 9458311,Vehicula Et Institute,16831104-0219
Armand,Buck,dolor.Nulla.semper@aptenttaciti.co.uk,1962-07-05,(0865) 61904447,In Tincidunt Foundation,16870909-6666
Vielka,Bauer,Praesent.luctus.Curabitur@natoquepenatibuset.com,1995-03-01,(033770) 696157,Facilisis Lorem Tristique Company,16050228-1777
Rana,Wolf,et.rutrum@pellentesquemassa.co.uk,1976-06-26,(017) 24987586,Mollis Lectus Industries,16070128-9340
Calista,Mccormick,scelerisque.dui.Suspendisse@felisullamcorperviverra.org,1986-04-21,(04399) 0781679,In Ornare Consulting,16410107-6885
Grant,Keith,erat@tempusscelerisquelorem.com,1994-05-23,(030533) 199921,Integer Tincidunt Institute,16720604-5416
Amy,Hoffman,consequat.nec@lectusquismassa.edu,1985-09-22,(033604) 765375,Tincidunt Congue PC,16640807-9041
Arsenio,Combs,dis.parturient@accumsanconvallisante.com,1971-06-16,(030529) 656322,Rhoncus Proin LLC,16970807-1437
Leandra,Hoover,Cras@ametlorem.ca,1969-07-17,(026) 73212883,Eros Foundation,16200421-6756
Bruno,Mcclain,Nunc.laoreet@Vestibulum.ca,1995-03-20,(05529) 1493572,Sit Amet Nulla Inc.,16270203-0285
Brynne,Lyons,purus@dignissimpharetraNam.com,1970-04-19,(034510) 751227,Aliquam Iaculis Foundation,16440808-6926
Dale,Lindsey,ligula.Aenean.euismod@rutrumjustoPraesent.edu,1994-02-12,(01882) 1559714,Neque Tellus Ltd,16060408-1133
Grant,Hansen,tempus.scelerisque.lorem@loremvehicula.org,1963-04-20,(0450) 70400371,Sit LLP,16400626-6318
Lance,Zimmerman,justo@venenatisvelfaucibus.co.uk,1974-10-21,(0212) 68409486,Porttitor Institute,16360727-7088
Ulla,Sharp,Maecenas.libero.est@risusDonecnibh.edu,1985-10-16,(090) 78536414,Ac Tellus Foundation,16650303-3042
Timon,Brady,arcu@torquentper.ca,1986-12-30,(033221) 178360,Dapibus Id Blandit Inc.,16950524-2298
Quentin,Lane,ullamcorper@mi.com,2006-02-13,(039585) 537439,Dolor Elit Ltd,16891216-7239
Melyssa,Foley,Integer.vulputate.risus@Nunclaoreet.co.uk,1983-03-09,(064) 55464871,Quis Massa Associates,16030604-1237
Oleg,Baldwin,lacinia.orci@est.com,1989-07-02,(063) 50120073,Urna Nunc Quis LLP,16901102-6235
Madaline,Key,neque.venenatis.lacus@elit.co.uk,1987-08-21,(035) 32306344,In Dolor Fusce Ltd,16751008-5694
Gregory,Zamora,lectus.convallis.est@nullaIntegervulputate.net,1963-08-25,(033901) 506041,Porta Elit A LLP,16191019-8462
Jessamine,Sanders,ultricies.sem@tellus.ca,1964-11-20,(0284) 00946545,Sem Nulla Interdum Foundation,16880103-9390
Zachary,Silva,sem.elit@ac.edu,1978-11-14,(00548) 2378797,At Velit LLP,16570903-1065
Caleb,Orr,lectus.a.sollicitudin@sedconsequat.co.uk,2001-12-23,(0416) 97874394,Malesuada Fringilla Associates,16580829-7328
Neil,Guthrie,lorem.sit@aliquetdiam.com,1991-06-21,(01064) 2655305,Pharetra Quisque Ltd,16980811-7726
Olympia,Bryant,libero.Proin@eu.com,1961-03-02,(00266) 7915614,Tempor Foundation,16740814-6814
Chancellor,Michael,nec@utmi.edu,1970-01-02,(07365) 0515522,Sit Inc.,16401021-4932
Emmanuel,Becker,elit@mi.edu,1979-09-07,(03917) 5731500,Non Quam Incorporated,16910824-6449
Hall,Villarreal,cubilia.Curae@a.com,1965-08-21,(0700) 66295705,Dui Institute,16601229-5926
Zia,Bird,Curabitur.massa.Vestibulum@Sednunc.co.uk,2003-09-27,(09881) 0293177,Non Egestas A Incorporated,16760203-5110
Barclay,Ferguson,Sed.eu@sitametrisus.com,1971-06-30,(02325) 4394579,Vitae Mauris Associates,16200424-5714
Steel,Moran,quis.urna.Nunc@Nullamvelitdui.co.uk,2009-03-09,(012) 13934421,Risus Donec Incorporated,16970713-9375